{
    "loss": 0.05333549529314041,
    "accuracy": 0.9857434034347534
}