{
    "loss": 11.970088958740234,
    "accuracy": 0.4886363744735718
}