{
    "loss": 0.2675893008708954,
    "accuracy": 0.8662593364715576
}